Страница;Направление;Основной запрос;Связанные запросы;Намерение;Title;Description;Регион
https://sheerwood.moscow/;Строительство, ремонт и проектирование;строительная компания Москва;строительство загородных домов | ремонт помещений | архитектура и дизайн | инженерные системы;company;SHEERWOOD — строительство, ремонт и дизайн в Москве;SHEERWOOD: архитектура, строительство загородных домов, ремонт квартир, домов и офисов, инженерия и умный дом. Работаем в Москве и Московской области.;Москва и Московская область
https://sheerwood.moscow/arkhitektura/;Архитектура загородных домов;архитектура загородного дома;архитектурные стили домов | современная архитектура | планировка загородного дома;information;Архитектура загородных домов — SHEERWOOD;Минимализм, барнхаус, скандинавский дом, шале, современная классика и внутренний двор. Примеры, планировка, материалы и инженерные вопросы.;Москва и Московская область
https://sheerwood.moscow/arkhitektura/barnhouse/;Дома в стиле барнхаус;проект дома барнхаус;архитектура барнхауса | двускатная кровля | планировка барнхауса;information;Дома в стиле барнхаус — SHEERWOOD;Двускатный объём, вытянутые пропорции и раскрытая под кровлей общая зона. Дом проектируется целиком — от длинной оси до торцевого остекления.;Москва и Московская область
https://sheerwood.moscow/arkhitektura/chalet/;Современное шале;проект дома в стиле шале;архитектура шале | дерево и камень | дом с большой кровлей;information;Современное шале — SHEERWOOD;Выразительные свесы, дерево, камень и защищённые места рядом с домом. Горный образ переосмысливаем для участка и климата Московского региона.;Москва и Московская область
https://sheerwood.moscow/arkhitektura/classic/;Дома в современной классике;дом в стиле современная классика;классический фасад дома | симметрия фасада | архитектура классического дома;information;Дома в современной классике — SHEERWOOD;Упорядоченный фасад и современная жизнь внутри. Выразительность рождается из соотношений, а не из количества декоративных элементов.;Москва и Московская область
https://sheerwood.moscow/arkhitektura/courtyard/;Дома с внутренним двором;проект дома с внутренним двором;дом с патио | одноэтажный дом с двориком | планировка вокруг сада;information;Дома с внутренним двором — SHEERWOOD;Комнаты собираются вокруг защищённого сада. Этот планировочный приём может сочетаться с разными стилями и конструкциями дома.;Москва и Московская область
https://sheerwood.moscow/arkhitektura/minimalizm/;Дома в стиле минимализм;проект дома в стиле минимализм;дом с плоской крышей | минималистичная архитектура | панорамное остекление дома;information;Дома в стиле минимализм — SHEERWOOD;Чистые объёмы требуют точной координации. За спокойным фасадом — работа с конструкцией, водой, светом и каждым примыканием.;Москва и Московская область
https://sheerwood.moscow/arkhitektura/scandinavian/;Скандинавские дома;проект скандинавского дома;скандинавская архитектура | деревянный фасад | планировка скандинавского дома;information;Скандинавские дома — SHEERWOOD;Свет, тактильные материалы и простая повседневная жизнь. Сдержанность начинается с удобного плана, а не с белых стен.;Москва и Московская область
https://sheerwood.moscow/avtorskiy-nadzor/;Авторский надзор;авторский надзор Москва;авторское сопровождение ремонта | контроль дизайн-проекта | согласование замен материалов;service;Авторский надзор в Москве и области — SHEERWOOD;Авторское сопровождение архитектуры и интерьера: выезды, вопросы исполнителей, согласование замен и фиксация решений.;Москва и Московская область
https://sheerwood.moscow/craft/;Направления SHEERWOOD;услуги SHEERWOOD;строительство | ремонт | дизайн | инженерия;information;Направления SHEERWOOD — SHEERWOOD;Архитектура, строительство домов, дизайн интерьеров, ремонт, ландшафт, инженерные системы и умный дом — выберите своё направление SHEERWOOD.;Москва и Московская область
https://sheerwood.moscow/dizayn-intererov/;Дизайн интерьеров;дизайн интерьера Москва;дизайн квартиры | дизайн интерьера дома | рабочие чертежи интерьера | комплектация интерьера;service;Дизайн интерьеров в Москве и области — SHEERWOOD;Дизайн интерьеров квартир и домов в Москве и области. Планировка, концепция, материалы, освещение, рабочие чертежи и сопровождение реализации SHEERWOOD.;Москва и Московская область
https://sheerwood.moscow/doma/;Строительство загородных домов;строительство загородных домов Московская область;строительство частного дома | проектирование и строительство | этапы строительства дома;service;Строительство загородных домов в Москве и области — SHEERWOOD;Строительство загородных домов в Москве и Московской области. Участок, индивидуальный проект, фундамент, стены, кровля, инженерные системы и приёмка этапов.;Москва и Московская область
https://sheerwood.moscow/etapy/;Этапы строительства и ремонта;этапы строительства и ремонта;последовательность строительных работ | контроль скрытых работ | приёмка этапов;information;Этапы строительства и ремонта — SHEERWOOD;Подробные маршруты строительства, ремонта, инженерии и умного дома. Технологии, скрытые работы и контрольные точки.;Москва и Московская область
https://sheerwood.moscow/inzheneriya/;Инженерные системы дома;инженерные системы частного дома;проектирование инженерных систем | монтаж коммуникаций | инженерия загородного дома;service;Инженерные системы дома в Москве и области — SHEERWOOD;Тепло, вода, воздух и электричество образуют одну систему повседневного комфорта. Проектируем и монтируем коммуникации с учётом архитектуры, оборудования и доступа для обслуживания.;Москва и Московская область
https://sheerwood.moscow/inzheneriya/elektrika/;Электромонтажные работы;электромонтажные работы Москва;электрика частного дома | электрощит | проект электроснабжения | слаботочные сети;service;Электромонтажные работы в Москве и области — SHEERWOOD;Розетки, свет и оборудование планируются под реальные сценарии. Электроснабжение и слаботочные линии координируются с мебелью, интерьером и автоматизацией.;Москва и Московская область
https://sheerwood.moscow/inzheneriya/gaz/;Проектирование газоснабжения;газоснабжение частного дома;проект газоснабжения | условия подключения газа | инженерная подготовка дома;service;Проектирование газоснабжения в Москве и области — SHEERWOOD;Газоснабжение требует отдельной организации работ и согласований. Его границы нужно учитывать в проекте дома и инженерных систем с самого начала.;Москва и Московская область
https://sheerwood.moscow/inzheneriya/kanalizaciya/;Канализация частного дома;монтаж канализации в частном доме;внутренняя канализация | наружная канализация | отведение стоков;service;Канализация частного дома в Москве и области — SHEERWOOD;Канализация начинается с планировки и точки отвода. Важно согласовать трассы, уровни, обслуживание и выбранную схему удаления стоков.;Москва и Московская область
https://sheerwood.moscow/inzheneriya/otoplenie/;Отопление загородного дома;монтаж отопления частного дома;водяной тёплый пол | радиаторное отопление | проект отопления | котельная;service;Отопление загородного дома в Москве и области — SHEERWOOD;Отопление проектируется под здание и режим проживания. Источник тепла, приборы, трубопроводы и управление должны работать согласованно.;Москва и Московская область
https://sheerwood.moscow/inzheneriya/ventilyaciya/;Вентиляция и климат;вентиляция частного дома;приточно-вытяжная вентиляция | проект вентиляции | вентиляция и кондиционирование;service;Вентиляция и климат в Москве и области — SHEERWOOD;Приток, вытяжка и охлаждение решают разные задачи. Согласуем их между собой и с интерьером до того, как будут определены уровни потолков и отделка.;Москва и Московская область
https://sheerwood.moscow/inzheneriya/vodosnabzhenie/;Водоснабжение дома;водоснабжение частного дома;монтаж водопровода | водоподготовка | горячее водоснабжение | коллектор водоснабжения;service;Водоснабжение дома в Москве и области — SHEERWOOD;Продумываем путь воды от источника до каждой точки: потребление, давление, горячее водоснабжение и доступность узлов.;Москва и Московская область
https://sheerwood.moscow/kommercheskie-pomeshcheniya/;Ремонт коммерческих помещений;ремонт коммерческих помещений Москва;ремонт шоурума | отделка помещений для бизнеса | инженерия коммерческого помещения;service;Ремонт коммерческих помещений в Москве и области — SHEERWOOD;Пространства для бизнеса: планировка, отделка, освещение и инженерные системы. Разбираем задачи помещения и последовательность ремонта.;Москва и Московская область
https://sheerwood.moscow/kontakty/;Контакты SHEERWOOD;SHEERWOOD контакты;SHEERWOOD телефон | SHEERWOOD Москва | проспект Маршала Жукова 59;company;Контакты SHEERWOOD в Москве — телефон, адрес, часы работы;SHEERWOOD: +7 926 544 00 74, hello@sheerwood.moscow. Москва, проспект Маршала Жукова, дом 59. Ежедневно 09:00–20:00. Москва и Московская область.;Москва и Московская область
https://sheerwood.moscow/landshaftnyy-dizayn/;Ландшафтный дизайн;ландшафтный дизайн Московская область;проект участка | озеленение участка | освещение сада | водоотвод участка;service;Ландшафтный дизайн в Москве и области — SHEERWOOD;Ландшафтный дизайн участка в Москве и области: планировка, рельеф, водоотвод, посадки, освещение и этапы реализации.;Москва и Московская область
https://sheerwood.moscow/o-kompanii/;О компании SHEERWOOD;строительная компания SHEERWOOD;SHEERWOOD Москва | подход к строительству | проектирование и ремонт;company;О компании SHEERWOOD — строительство и ремонт в Москве;Как SHEERWOOD связывает архитектуру, строительство, интерьер и инженерные системы. Подход к проекту, этапам работ и согласованию решений.;Москва и Московская область
https://sheerwood.moscow/proektirovanie/;Проектирование загородных домов;проектирование домов Москва;индивидуальный проект дома | архитектурный проект | конструктивные решения | рабочая документация;service;Проектирование загородных домов в Москве и области — SHEERWOOD;Индивидуальное проектирование домов в Москве и области. Архитектура, конструктивные решения, инженерные системы и рабочая документация SHEERWOOD.;Москва и Московская область
https://sheerwood.moscow/remont/;Ремонт квартир, домов и офисов;ремонт помещений Москва;ремонт жилых помещений | ремонт нежилых помещений | отделочные работы;service;Ремонт квартир, домов и офисов в Москве и области — SHEERWOOD;Ремонт квартир, загородных домов, офисов и коммерческих помещений. Выбор объёма работ, подготовка, инженерия, отделка и приёмка.;Москва и Московская область
https://sheerwood.moscow/remont/kapitalnyy/;Капитальный ремонт;капитальный ремонт помещений;капитальный ремонт квартиры | замена инженерных систем | черновые работы | этапы капитального ремонта;service;Капитальный ремонт в Москве и области — SHEERWOOD;Капитальный ремонт квартир, домов и офисов в Москве и области. Демонтаж, перегородки, инженерия, гидроизоляция, отделка и приёмка. Фото и видео этапов.;Москва и Московская область
https://sheerwood.moscow/remont/kosmeticheskiy/;Косметический ремонт;косметический ремонт помещений;обновление отделки | покраска стен | замена напольных покрытий | этапы косметического ремонта;service;Косметический ремонт в Москве и области — SHEERWOOD;Косметический ремонт помещений в Москве и области. Осмотр, защита мебели, подготовка поверхностей, окраска и обновление покрытий. Этапы, фото и видео.;Москва и Московская область
https://sheerwood.moscow/remont/po-dizayn-proektu/;Ремонт по дизайн-проекту;ремонт по дизайн проекту Москва;реализация дизайн-проекта | ремонт с авторским надзором | чистовая отделка;service;Ремонт по дизайн-проекту в Москве и области — SHEERWOOD;Ремонт по дизайн-проекту в Москве и области: чертежи, материалы, инженерные привязки, чистовая отделка и авторское сопровождение. Подробный маршрут работ.;Москва и Московская область
https://sheerwood.moscow/remont/vidy/;Виды ремонта помещений;виды ремонта помещений;косметический или капитальный ремонт | сравнение видов ремонта | ремонт по проекту;information;Виды ремонта помещений — SHEERWOOD;Как выбрать вид ремонта: косметический, капитальный или по дизайн-проекту. Состав работ для квартиры, дома и офиса, этапы, фотографии и видео SHEERWOOD.;Москва и Московская область
https://sheerwood.moscow/remont-domov/;Ремонт загородных домов;ремонт частного дома Московская область;ремонт коттеджа | ремонт дома внутри | инженерия существующего дома;service;Ремонт загородных домов в Москве и области — SHEERWOOD;Ремонт загородных домов в Москве и Московской области. Обследование здания, обновление планировки, инженерных систем и отделки. Этапы и контроль работ.;Москва и Московская область
https://sheerwood.moscow/remont-kvartir/;Ремонт квартир;ремонт квартир Москва;ремонт квартиры в новостройке | ремонт вторичного жилья | этапы ремонта квартиры | отделка квартиры;service;Ремонт квартир в Москве и области — SHEERWOOD;Ремонт квартир в Москве и области: обследование, планировка, черновые работы, инженерия и отделка. Этапы ремонта новостроек и вторичного жилья с фото и видео.;Москва и Московская область
https://sheerwood.moscow/remont-ofisov/;Ремонт офисов;ремонт офисов Москва;отделка офисов | ремонт переговорных | инженерия офиса | ремонт офиса по этапам;service;Ремонт офисов в Москве и области — SHEERWOOD;Ремонт офисов в Москве и области. Рабочие места, переговорные, освещение, инженерные системы и отделка. Планирование, этапы работ и приёмка SHEERWOOD.;Москва и Московская область
https://sheerwood.moscow/servis/;Обслуживание инженерных систем;обслуживание инженерных систем дома;сервис котельной | обслуживание вентиляции | плановый осмотр оборудования;service;Обслуживание инженерных систем в Москве и области — SHEERWOOD;Инженерные системы нуждаются в плановом обслуживании. Его состав зависит от оборудования, условий эксплуатации и рекомендаций производителей.;Москва и Московская область
https://sheerwood.moscow/tekhnologii/fundament/;Фундамент и защита от воды;фундамент частного дома;выбор фундамента | подготовка основания | гидроизоляция фундамента | контроль бетонирования;information;Фундамент и защита от воды — SHEERWOOD;Фундамент передаёт нагрузки на грунт. Его конструкция начинается с участка и расчёта, а защита от воды — с понимания того, как вода воздействует на здание.;Москва и Московская область
https://sheerwood.moscow/tekhnologii/gidroizolyaciya/;Гидроизоляция мокрых зон;гидроизоляция ванной комнаты;гидроизоляция пола | примыкания и проходы труб | приёмка гидроизоляции;information;Гидроизоляция мокрых зон — SHEERWOOD;Красивую плитку видно сразу. Систему, которая находится под ней, принимают раньше: до того, как облицовка закроет углы, стыки и проходы труб.;Москва и Московская область
https://sheerwood.moscow/tekhnologii/peregorodki/;Устройство перегородок;монтаж межкомнатных перегородок;звукоизоляция перегородок | каркасные перегородки | закладные в перегородках;information;Устройство перегородок — SHEERWOOD;Каркас, обшивка, заполнение и примыкания образуют комплектную систему. Её выбирают под высоту, нагрузки, влажность и требования к помещению.;Москва и Московская область
https://sheerwood.moscow/tekhnologii/podgotovka-sten/;Подготовка стен к отделке;подготовка стен под покраску;штукатурка стен | шпаклёвка стен | выравнивание стен | контроль качества поверхности;information;Подготовка стен к отделке — SHEERWOOD;Под плитку и под гладкую краску нужна разная подготовка. Финиш, свет и требования к геометрии определяют результат ещё до первого замеса.;Москва и Московская область
https://sheerwood.moscow/tekhnologii/teplyi-kontur/;Тёплый контур деревянного дома;тёплый контур деревянного дома;утепление стен | пароизоляция | ветрозащита | оконные примыкания;information;Тёплый контур деревянного дома — SHEERWOOD;Утеплённая стена — система взаимосвязанных слоёв. Несущая часть, теплоизоляция и мембраны должны работать вместе, а примыкания — продолжать их без разрывов.;Москва и Московская область
https://sheerwood.moscow/tipy-domov/;Типы загородных домов;из чего построить загородный дом;сравнение технологий строительства | типы частных домов | каменный или деревянный дом;information;Типы загородных домов — SHEERWOOD;Каркас, клеёный брус, газобетон, кирпич, монолит и модули. Сравниваем устройство домов, этапы строительства и важные контрольные точки.;Москва и Московская область
https://sheerwood.moscow/tipy-domov/gazobeton/;Дома из газобетона;строительство домов из газобетона;газобетонный дом | кладка газобетона | этапы строительства газобетонного дома;information;Дома из газобетона — SHEERWOOD;Блочная кладка с точной геометрией. Важны не только характеристики блока, но и первый ряд, проёмы, опирания и сопряжения с другими конструкциями.;Москва и Московская область
https://sheerwood.moscow/tipy-domov/karkasnye/;Каркасные дома;строительство каркасных домов;деревянный каркас | утепление каркасного дома | этапы каркасного строительства;information;Каркасные дома — SHEERWOOD;Несущая структура из дерева, теплоизоляция, защитные мембраны и отделка. Результат определяет то, как эти части соединены между собой.;Москва и Московская область
https://sheerwood.moscow/tipy-domov/kirpichnye/;Кирпичные дома;строительство кирпичных домов;кладка кирпича | дом из керамических блоков | этапы строительства кирпичного дома;information;Кирпичные дома — SHEERWOOD;Кирпич и керамические блоки: устройство стен, этапы кладки и контроль качества. Фотографии деталей и короткий фильм о работе на площадке.;Москва и Московская область
https://sheerwood.moscow/tipy-domov/kleenyi-brus/;Дома из клеёного бруса;строительство домов из клеёного бруса;сборка брусового дома | деревянный дом | узлы клеёного бруса;information;Дома из клеёного бруса — SHEERWOOD;Архитектура, в которой древесина остаётся видимой. Заводская подготовка материала сочетается с внимательной проработкой соединений, проёмов и перемещений стен.;Москва и Московская область
https://sheerwood.moscow/tipy-domov/modulnye/;Модульные дома;модульные загородные дома;сборка модульного дома | основание модульного дома | доставка модулей;information;Модульные дома — SHEERWOOD;Модульные загородные дома: комплектация, заводская подготовка, доставка, основание, соединение модулей и приёмка. Особенности технологии и этапы строительства.;Москва и Московская область
https://sheerwood.moscow/tipy-domov/monolitnye/;Монолитные дома;строительство монолитных домов;монолитный железобетонный дом | армирование и опалубка | бетонирование стен;information;Монолитные дома — SHEERWOOD;Несущие конструкции создаются на площадке. Арматура, опалубка, смесь и уход за бетоном образуют единый технологический процесс.;Москва и Московская область
https://sheerwood.moscow/tour.html;Виртуальный тур по дому;виртуальный тур SHEERWOOD;архитектура загородного дома | облёт дома | интерьер загородного дома;information;Виртуальный тур по дому — SHEERWOOD;Рассмотрите загородный дом с разных сторон в интерактивном туре SHEERWOOD: архитектуру, объём и связь с окружающим пространством.;Москва и Московская область
https://sheerwood.moscow/umnyi-dom/;Умный дом Aqara и Алиса;умный дом Aqara Алиса Москва;умный дом в квартире | автоматизация загородного дома | сценарии умного дома;service;Умный дом Aqara и Алиса в Москве и области — SHEERWOOD;Умный дом Aqara и Алиса в Москве и области: свет, шторы, климат, защита от протечек и управление доступом. Проект, монтаж, настройка и проверка сценариев.;Москва и Московская область
https://sheerwood.moscow/umnyi-dom/aqara-alisa/;Подключение Aqara к Алисе;как подключить Aqara к Алисе;Aqara и Яндекс Станция | хаб Aqara | Zigbee Matter | совместимость Aqara Алиса;information;Подключение Aqara к Алисе — SHEERWOOD;Три способа интеграции Aqara и Алисы. Подбор хаба и Станции, совместимость устройств, локальные сценарии, интернет и передача управления.;Москва и Московская область
https://sheerwood.moscow/umnyi-dom/bez-interneta/;Умный дом без интернета;работает ли умный дом без интернета;локальные сценарии Aqara | Алиса без интернета | ручное управление умным домом;information;Умный дом без интернета — SHEERWOOD;Работа Aqara и Алисы без внешнего интернета: локальные сценарии, физические кнопки, ограничения и испытания Sheerwood.;Москва и Московская область
https://sheerwood.moscow/umnyi-dom/bezopasnost/;Защита от протечек и охрана;защита от протечек Aqara;датчики открытия | перекрытие воды | уведомления умного дома;information;Защита от протечек и охрана — SHEERWOOD;Датчики протечки и открытия Aqara, местная реакция, уведомления, перекрытие воды и программа проверки. Подробный подход Sheerwood.;Москва и Московская область
https://sheerwood.moscow/umnyi-dom/dostup/;Умный вход Aqara;умный замок Aqara U200;видеозвонок Aqara G4 | управление доступом | умная входная дверь;information;Умный вход Aqara — SHEERWOOD;Видеозвонок Aqara G4, замок U200, управление доступом и проверка двери. Подробный проект умного входа Sheerwood.;Москва и Московская область
https://sheerwood.moscow/umnyi-dom/energiya/;Умные розетки и энергия;умные розетки Aqara;учёт энергопотребления | сценарии питания | расписание умной розетки;information;Умные розетки и энергия — SHEERWOOD;Умная розетка Aqara Smart Plug, расписания, управление питанием и учёт потребления. Подбор приборов и сценариев Sheerwood.;Москва и Московская область
https://sheerwood.moscow/umnyi-dom/klimat/;Умное управление климатом;умный климат Aqara Алиса;датчик температуры Aqara | управление отоплением | управление кондиционером;information;Умное управление климатом — SHEERWOOD;Управление климатом по комнатам: датчики Aqara, терморегуляторы, кондиционер, окна, влажность. Возможности, ограничения и проверка сценариев.;Москва и Московская область
https://sheerwood.moscow/umnyi-dom/scenarii/;Сценарии умного дома;сценарии умного дома с Алисой;сценарий утро | сценарий кино | сценарий ушёл из дома | автоматизация по датчикам;information;Сценарии умного дома — SHEERWOOD;Сценарии Aqara и Алисы для утра, работы, кино, гостей и ухода. Фото, видео, условия запуска и проектирование Sheerwood.;Москва и Московская область
https://sheerwood.moscow/umnyi-dom/svet-i-shtory/;Умный свет и шторы;умный свет и шторы Aqara;управление шторами Алисой | выключатели Aqara | сценарии освещения;information;Умный свет и шторы — SHEERWOOD;Сценарии света, выключатели Aqara H1, моторизованные карнизы, ночная подсветка и физическое управление. Подробный проект Sheerwood.;Москва и Московская область
https://sheerwood.moscow/umnyi-dom/tehnika/;Бытовая техника и Алиса;подключение техники к Алисе;робот-пылесос в умном доме | управление бытовой техникой | совместимость устройств;information;Бытовая техника и Алиса — SHEERWOOD;Подключение робота-пылесоса, кондиционера и обычных приборов к сценариям умного дома. Проверка функций и настройка Sheerwood.;Москва и Московская область
https://sheerwood.moscow/umnyi-dom/ustanovka/;Установка умного дома;установка умного дома Aqara;монтаж умного дома | настройка Алисы | проект автоматизации | проверка сценариев;service;Установка умного дома в Москве и области — SHEERWOOD;Шесть этапов создания умного дома Aqara и Алиса: сценарии, обследование, проектирование, установка, испытания, обучение и обслуживание.;Москва и Московская область
